id,label
1,saadi
2,hafez
3,saadi
4,saadi
5,saadi
6,saadi
7,saadi
8,saadi
9,saadi
10,hafez
11,saadi
12,hafez
13,hafez
14,hafez
15,saadi
16,hafez
17,saadi
18,saadi
19,saadi
20,hafez
21,saadi
22,hafez
23,saadi
24,saadi
25,saadi
26,hafez
27,hafez
28,saadi
29,saadi
30,saadi
31,saadi
32,saadi
33,hafez
34,saadi
35,hafez
36,saadi
37,hafez
38,hafez
39,saadi
40,saadi
41,saadi
42,hafez
43,saadi
44,saadi
45,saadi
46,saadi
47,hafez
48,hafez
49,hafez
50,hafez
51,saadi
52,saadi
53,hafez
54,saadi
55,saadi
56,saadi
57,hafez
58,saadi
59,hafez
60,saadi
61,hafez
62,saadi
63,hafez
64,saadi
65,hafez
66,hafez
67,hafez
68,hafez
69,saadi
70,hafez
71,saadi
72,saadi
73,hafez
74,hafez
75,hafez
76,saadi
77,saadi
78,hafez
79,saadi
80,hafez
81,hafez
82,saadi
83,saadi
84,hafez
85,saadi
86,hafez
87,saadi
88,hafez
89,saadi
90,saadi
91,hafez
92,hafez
93,saadi
94,hafez
95,saadi
96,saadi
97,hafez
98,saadi
99,hafez
100,hafez
101,saadi
102,hafez
103,hafez
104,hafez
105,saadi
106,hafez
107,saadi
108,hafez
109,saadi
110,saadi
111,saadi
112,hafez
113,saadi
114,saadi
115,hafez
116,hafez
117,saadi
118,hafez
119,hafez
120,hafez
121,saadi
122,hafez
123,saadi
124,saadi
125,saadi
126,saadi
127,saadi
128,saadi
129,saadi
130,saadi
131,hafez
132,saadi
133,saadi
134,hafez
135,saadi
136,saadi
137,saadi
138,saadi
139,saadi
140,saadi
141,saadi
142,saadi
143,hafez
144,hafez
145,saadi
146,hafez
147,hafez
148,hafez
149,saadi
150,saadi
151,hafez
152,saadi
153,hafez
154,saadi
155,hafez
156,saadi
157,hafez
158,saadi
159,hafez
160,saadi
161,saadi
162,hafez
163,hafez
164,saadi
165,hafez
166,saadi
167,hafez
168,saadi
169,saadi
170,hafez
171,hafez
172,hafez
173,saadi
174,hafez
175,saadi
176,saadi
177,saadi
178,hafez
179,hafez
180,saadi
181,saadi
182,hafez
183,saadi
184,saadi
185,saadi
186,saadi
187,saadi
188,saadi
189,saadi
190,saadi
191,saadi
192,saadi
193,saadi
194,saadi
195,hafez
196,saadi
197,hafez
198,hafez
199,saadi
200,saadi
201,saadi
202,saadi
203,saadi
204,saadi
205,saadi
206,saadi
207,saadi
208,saadi
209,saadi
210,saadi
211,saadi
212,saadi
213,saadi
214,hafez
215,hafez
216,saadi
217,hafez
218,saadi
219,saadi
220,saadi
221,saadi
222,hafez
223,saadi
224,saadi
225,saadi
226,saadi
227,saadi
228,saadi
229,hafez
230,saadi
231,saadi
232,saadi
233,saadi
234,hafez
235,saadi
236,hafez
237,saadi
238,saadi
239,saadi
240,hafez
241,hafez
242,saadi
243,saadi
244,saadi
245,saadi
246,saadi
247,hafez
248,saadi
249,hafez
250,hafez
251,hafez
252,hafez
253,saadi
254,saadi
255,saadi
256,saadi
257,saadi
258,hafez
259,saadi
260,saadi
261,saadi
262,hafez
263,hafez
264,saadi
265,hafez
266,hafez
267,saadi
268,saadi
269,hafez
270,saadi
271,hafez
272,hafez
273,saadi
274,saadi
275,saadi
276,saadi
277,saadi
278,hafez
279,hafez
280,saadi
281,saadi
282,saadi
283,hafez
284,saadi
285,saadi
286,hafez
287,saadi
288,hafez
289,saadi
290,saadi
291,saadi
292,saadi
293,saadi
294,hafez
295,saadi
296,hafez
297,saadi
298,saadi
299,hafez
300,saadi
301,saadi
302,hafez
303,saadi
304,saadi
305,saadi
306,hafez
307,saadi
308,saadi
309,saadi
310,hafez
311,hafez
312,saadi
313,hafez
314,saadi
315,saadi
316,hafez
317,saadi
318,hafez
319,hafez
320,hafez
321,saadi
322,saadi
323,hafez
324,hafez
325,saadi
326,saadi
327,saadi
328,saadi
329,saadi
330,hafez
331,hafez
332,saadi
333,hafez
334,hafez
335,hafez
336,hafez
337,saadi
338,hafez
339,hafez
340,saadi
341,saadi
342,saadi
343,hafez
344,saadi
345,hafez
346,hafez
347,saadi
348,hafez
349,hafez
350,saadi
351,hafez
352,hafez
353,hafez
354,saadi
355,hafez
356,saadi
357,saadi
358,saadi
359,saadi
360,hafez
361,saadi
362,hafez
363,hafez
364,hafez
365,hafez
366,saadi
367,saadi
368,hafez
369,saadi
370,hafez
371,saadi
372,saadi
373,hafez
374,saadi
375,saadi
376,saadi
377,saadi
378,saadi
379,hafez
380,saadi
381,saadi
382,hafez
383,saadi
384,saadi
385,hafez
386,hafez
387,saadi
388,hafez
389,hafez
390,saadi
391,saadi
392,saadi
393,hafez
394,saadi
395,saadi
396,saadi
397,saadi
398,saadi
399,saadi
400,hafez
401,saadi
402,saadi
403,hafez
404,saadi
405,hafez
406,hafez
407,hafez
408,hafez
409,saadi
410,hafez
411,saadi
412,hafez
413,hafez
414,hafez
415,saadi
416,hafez
417,hafez
418,hafez
419,saadi
420,saadi
421,saadi
422,hafez
423,saadi
424,hafez
425,saadi
426,hafez
427,saadi
428,hafez
429,hafez
430,saadi
431,hafez
432,hafez
433,hafez
434,hafez
435,saadi
436,saadi
437,saadi
438,saadi
439,saadi
440,hafez
441,hafez
442,hafez
443,hafez
444,saadi
445,saadi
446,saadi
447,saadi
448,saadi
449,saadi
450,saadi
451,saadi
452,saadi
453,hafez
454,saadi
455,saadi
456,hafez
457,hafez
458,saadi
459,saadi
460,saadi
461,saadi
462,hafez
463,saadi
464,saadi
465,hafez
466,saadi
467,hafez
468,saadi
469,saadi
470,hafez
471,hafez
472,saadi
473,saadi
474,hafez
475,saadi
476,saadi
477,saadi
478,saadi
479,saadi
480,saadi
481,hafez
482,saadi
483,saadi
484,hafez
485,hafez
486,hafez
487,saadi
488,saadi
489,saadi
490,saadi
491,hafez
492,saadi
493,saadi
494,saadi
495,saadi
496,saadi
497,hafez
498,saadi
499,hafez
500,saadi
501,saadi
502,hafez
503,saadi
504,hafez
505,saadi
506,hafez
507,saadi
508,saadi
509,saadi
510,hafez
511,hafez
512,saadi
513,saadi
514,hafez
515,saadi
516,saadi
517,saadi
518,saadi
519,saadi
520,saadi
521,saadi
522,saadi
523,hafez
524,saadi
525,saadi
526,saadi
527,hafez
528,hafez
529,saadi
530,saadi
531,saadi
532,hafez
533,saadi
534,saadi
535,saadi
536,hafez
537,saadi
538,saadi
539,hafez
540,hafez
541,saadi
542,saadi
543,hafez
544,hafez
545,saadi
546,hafez
547,hafez
548,saadi
549,saadi
550,hafez
551,hafez
552,saadi
553,saadi
554,saadi
555,saadi
556,saadi
557,saadi
558,saadi
559,saadi
560,hafez
561,saadi
562,hafez
563,saadi
564,hafez
565,saadi
566,saadi
567,saadi
568,saadi
569,saadi
570,saadi
571,saadi
572,saadi
573,saadi
574,saadi
575,saadi
576,hafez
577,saadi
578,hafez
579,hafez
580,saadi
581,hafez
582,saadi
583,saadi
584,hafez
585,saadi
586,saadi
587,saadi
588,hafez
589,hafez
590,saadi
591,saadi
592,hafez
593,hafez
594,hafez
595,saadi
596,saadi
597,hafez
598,saadi
599,saadi
600,saadi
601,saadi
602,hafez
603,saadi
604,saadi
605,hafez
606,saadi
607,saadi
608,saadi
609,hafez
610,hafez
611,saadi
612,hafez
613,saadi
614,saadi
615,saadi
616,saadi
617,hafez
618,hafez
619,saadi
620,saadi
621,saadi
622,saadi
623,hafez
624,saadi
625,hafez
626,saadi
627,hafez
628,saadi
629,hafez
630,saadi
631,saadi
632,hafez
633,saadi
634,saadi
635,hafez
636,saadi
637,saadi
638,saadi
639,saadi
640,hafez
641,hafez
642,saadi
643,saadi
644,saadi
645,saadi
646,saadi
647,hafez
648,hafez
649,hafez
650,hafez
651,saadi
652,hafez
653,hafez
654,saadi
655,hafez
656,hafez
657,saadi
658,saadi
659,hafez
660,hafez
661,saadi
662,saadi
663,hafez
664,saadi
665,hafez
666,saadi
667,saadi
668,hafez
669,saadi
670,hafez
671,hafez
672,hafez
673,hafez
674,saadi
675,hafez
676,hafez
677,saadi
678,hafez
679,hafez
680,hafez
681,hafez
682,saadi
683,saadi
684,hafez
685,hafez
686,saadi
687,saadi
688,hafez
689,saadi
690,hafez
691,hafez
692,hafez
693,saadi
694,saadi
695,saadi
696,saadi
697,saadi
698,saadi
699,saadi
700,saadi
701,saadi
702,hafez
703,hafez
704,hafez
705,saadi
706,saadi
707,saadi
708,saadi
709,hafez
710,saadi
711,saadi
712,saadi
713,hafez
714,hafez
715,saadi
716,hafez
717,saadi
718,hafez
719,hafez
720,hafez
721,saadi
722,hafez
723,saadi
724,saadi
725,saadi
726,saadi
727,saadi
728,hafez
729,hafez
730,hafez
731,hafez
732,hafez
733,saadi
734,saadi
735,saadi
736,saadi
737,saadi
738,hafez
739,saadi
740,saadi
741,saadi
742,hafez
743,saadi
744,saadi
745,saadi
746,hafez
747,saadi
748,hafez
749,saadi
750,saadi
751,hafez
752,saadi
753,hafez
754,saadi
755,saadi
756,hafez
757,hafez
758,saadi
759,saadi
760,saadi
761,saadi
762,saadi
763,hafez
764,saadi
765,hafez
766,saadi
767,saadi
768,hafez
769,saadi
770,hafez
771,saadi
772,saadi
773,saadi
774,saadi
775,hafez
776,saadi
777,saadi
778,hafez
779,hafez
780,saadi
781,saadi
782,hafez
783,hafez
784,hafez
785,saadi
786,hafez
787,saadi
788,saadi
789,saadi
790,hafez
791,saadi
792,hafez
793,saadi
794,hafez
795,saadi
796,saadi
797,hafez
798,hafez
799,hafez
800,saadi
801,saadi
802,saadi
803,saadi
804,hafez
805,hafez
806,saadi
807,saadi
808,hafez
809,hafez
810,saadi
811,hafez
812,hafez
813,saadi
814,hafez
815,hafez
816,saadi
817,saadi
818,hafez
819,hafez
820,saadi
821,hafez
822,saadi
823,saadi
824,saadi
825,saadi
826,saadi
827,hafez
828,hafez
829,saadi
830,saadi
831,hafez
832,hafez
833,saadi
834,hafez
835,hafez
836,hafez
837,saadi
838,saadi
839,hafez
840,saadi
841,hafez
842,saadi
843,saadi
844,hafez
845,hafez
846,hafez
847,saadi
848,saadi
849,hafez
850,saadi
851,hafez
852,saadi
853,saadi
854,saadi
855,hafez
856,saadi
857,saadi
858,saadi
859,saadi
860,hafez
861,saadi
862,saadi
863,saadi
864,hafez
865,hafez
866,hafez
867,saadi
868,hafez
869,saadi
870,saadi
871,hafez
872,saadi
873,hafez
874,hafez
875,saadi
876,saadi
877,hafez
878,saadi
879,saadi
880,hafez
881,hafez
882,hafez
883,saadi
884,hafez
885,saadi
886,hafez
887,saadi
888,hafez
889,saadi
890,saadi
891,saadi
892,saadi
893,saadi
894,saadi
895,saadi
896,hafez
897,hafez
898,hafez
899,hafez
900,saadi
901,saadi
902,hafez
903,saadi
904,saadi
905,saadi
906,hafez
907,saadi
908,saadi
909,saadi
910,saadi
911,hafez
912,saadi
913,saadi
914,saadi
915,hafez
916,hafez
917,saadi
918,hafez
919,saadi
920,saadi
921,saadi
922,saadi
923,saadi
924,saadi
925,hafez
926,saadi
927,saadi
928,hafez
929,hafez
930,saadi
931,saadi
932,hafez
933,saadi
934,hafez
935,hafez
936,saadi
937,hafez
938,saadi
939,saadi
940,saadi
941,hafez
942,saadi
943,saadi
944,saadi
945,hafez
946,hafez
947,hafez
948,hafez
949,saadi
950,hafez
951,saadi
952,hafez
953,saadi
954,saadi
955,saadi
956,saadi
957,hafez
958,saadi
959,hafez
960,hafez
961,saadi
962,hafez
963,saadi
964,hafez
965,saadi
966,saadi
967,saadi
968,hafez
969,saadi
970,saadi
971,saadi
972,hafez
973,hafez
974,saadi
975,saadi
976,saadi
977,saadi
978,saadi
979,hafez
980,saadi
981,saadi
982,saadi
983,hafez
984,hafez
985,hafez
986,saadi
987,saadi
988,hafez
989,hafez
990,saadi
991,saadi
992,saadi
993,saadi
994,hafez
995,hafez
996,hafez
997,saadi
998,saadi
999,saadi
1000,saadi
1001,hafez
1002,saadi
1003,saadi
1004,hafez
1005,hafez
1006,saadi
1007,saadi
1008,hafez
1009,saadi
1010,hafez
1011,saadi
1012,saadi
1013,hafez
1014,hafez
1015,hafez
1016,saadi
1017,hafez
1018,saadi
1019,saadi
1020,hafez
1021,hafez
1022,saadi
1023,hafez
1024,hafez
1025,saadi
1026,saadi
1027,hafez
1028,hafez
1029,saadi
1030,saadi
1031,hafez
1032,hafez
1033,saadi
1034,hafez
1035,hafez
1036,saadi
1037,hafez
1038,hafez
1039,hafez
1040,saadi
1041,hafez
1042,saadi
1043,saadi
1044,saadi
1045,hafez
1046,hafez
1047,hafez
1048,saadi
1049,hafez
1050,hafez
1051,saadi
1052,saadi
1053,saadi
1054,hafez
1055,saadi
1056,hafez
1057,saadi
1058,hafez
1059,hafez
1060,saadi
1061,hafez
1062,hafez
1063,hafez
1064,saadi
1065,saadi
1066,saadi
1067,hafez
1068,saadi
1069,hafez
1070,saadi
1071,saadi
1072,hafez
1073,hafez
1074,saadi
1075,saadi
1076,saadi
1077,hafez
1078,saadi
1079,saadi
1080,saadi
1081,saadi
1082,saadi
